Countrycode (Country Metadata.Csv),Countryname (Country Metadata.Csv),Dt Extraction (copy),IfclosedduetoCOVID19whend,Incomelevelname,Regionname,Statusof Schoolsaresomeall (copy) (group),Countryname,Year Pre,Year Prm,Year Sec,Year Ter,Latitude (generated),Longitude (generated),Enrollment,Se Pre Enrl,Se Prm Enrl,Se Sec Enrl,Se Ter Enrl
ERI,Eritrea,2021-03-15 09:51:25,,Low income,Sub-Saharan Africa,Closed,Eritrea,2018,2018,2018,2016,15.982,38.02,"667,452","47,047","349,753","260,421","10,231"
GNB,Guinea-Bissau,2021-03-15 09:51:25,,Low income,Sub-Saharan Africa,Closed,Guinea-Bissau,2010,2010,2006,2006,12.191,-14.475,"346,705","8,950","278,890","55,176","3,689"
MNG,Mongolia,2021-03-15 09:51:25,  1/1/2020,Lower middle income,East Asia and Pacific,Closed,Mongolia,2018,2018,2010,2018,46.516,102.564,"999,014","256,720","311,063","275,983","155,248"
PHL,Philippines,2021-03-15 09:51:25, 3/10/2020,Lower middle income,East Asia and Pacific,Closed,Philippines,2018,2018,2018,2017,17.181,121.256,"29,839,256","2,268,455","13,418,841","10,562,477","3,589,484"
BGR,Bulgaria,2021-03-15 09:51:25,3/13/2020; November 27 2020,Upper middle income,Europe and Central Asia,Closed,Bulgaria,2018,2018,2018,2018,42.625,24.521,"1,209,612","220,877","262,735","489,665","236,335"
MYS,Malaysia,2021-03-15 09:51:25, 3/16/2020,Upper middle income,East Asia and Pacific,Closed,Malaysia,2019,2017,2019,2019,4.416,102.099,"7,908,963","1,003,871","3,084,630","2,602,216","1,218,246"
THA,Thailand,2021-03-15 09:51:25, 3/18/2020,Upper middle income,East Asia and Pacific,Closed,Thailand,2019,2019,2019,2016,15.688,100.845,"15,115,844","1,786,826","4,899,076","6,019,229","2,410,713"
TLS,Timor-Leste,2021-03-15 09:51:25, 3/23/2020,Lower middle income,East Asia and Pacific,Closed,Timor-Leste,2019,2019,2019,2010,-8.856,125.556,"410,731","24,006","206,512","161,660","18,553"
IDN,Indonesia,2021-03-15 09:51:25, 3/24/2020,Upper middle income,East Asia and Pacific,Closed,Indonesia,2018,2018,2018,2018,-0.739,114.045,"68,265,784","5,909,251","29,425,748","24,893,570","8,037,218"
PSE,West Bank and Gaza,2021-03-15 09:51:25,05mar2020,Lower middle income,Middle East and North Africa,Closed,West Bank and Gaza,2019,2019,2019,2019,32.097,35.26,"1,650,323","148,253","497,002","787,188","217,880"
BTN,Bhutan,2021-03-15 09:51:25,09mar2020,Lower middle income,South Asia,Closed,Bhutan,2020,2020,2018,2020,27.5342,90.3002,"190,659","8,025","94,165","76,221","12,248"
SAU,Saudi Arabia,2021-03-15 09:51:25,09mar2020,High income,Middle East and North Africa,Closed,Saudi Arabia,2019,2019,2019,2019,24.191,44.32,"8,593,115","390,099","3,390,589","3,159,358","1,653,069"
DNK,Denmark,2021-03-15 09:51:25,12-Mar,High income,Europe and Central Asia,Closed,Denmark,2018,2018,2018,2018,56.113,9.096,"1,488,639","178,127","468,362","531,247","310,903"
IRL,Ireland,2021-03-15 09:51:25,12-Mar,High income,Europe and Central Asia,Closed,Ireland,2018,2018,2018,2018,53.214,-7.588,"1,410,159","122,893","564,304","491,761","231,201"
SLV,El Salvador,2021-03-15 09:51:25,12-Mar,Lower middle income,Latin America and Caribbean,Closed,El Salvador,2018,2018,2018,2018,13.848,-89.229,"1,604,845","230,010","662,740","521,576","190,519"
UKR,Ukraine,2021-03-15 09:51:25,12-Mar,Lower middle income,Europe and Central Asia,Closed,Ukraine,2019,2019,2019,2019,49.364,32.132,"6,864,760","1,093,991","1,724,664","2,444,548","1,601,557"
GAB,Gabon,2021-03-15 09:51:25,13mar2020,Upper middle income,Sub-Saharan Africa,Closed,Gabon,2011,2011,2002,2003,-0.406,11.914,"478,438","45,225","317,946","105,191","10,076"
ISR,Israel,2021-03-15 09:51:25,13mar2020,High income,Middle East and North Africa,Closed,Israel,2018,2018,2018,2018,30.992,34.834,"2,695,275","547,982","936,214","836,774","374,305"
LKA,Sri Lanka,2021-03-15 09:51:25,13mar2020,Lower middle income,South Asia,Closed,Sri Lanka,2018,2018,2018,2019,7.3,80.727,"5,243,446","464,189","1,725,424","2,727,965","325,868"
GRC,Greece,2021-03-15 09:51:25,14-Nov,High income,Europe and Central Asia,Closed,Greece,2018,2018,2018,2018,39.787,21.617,"2,230,133","151,876","643,187","668,196","766,874"
MRT,Mauritania,2021-03-15 09:51:25,14mar2020,Lower middle income,Sub-Saharan Africa,Closed,Mauritania,2015,2019,2019,2019,19.413,-10.6528,"996,930","36,182","677,458","259,873","23,417"
SDN,Sudan,2021-03-15 09:51:25,14mar2020,Low income,Sub-Saharan Africa,Closed,Sudan,2017,2017,2017,2015,15.739,29.533,"8,824,167","1,066,381","4,899,664","2,205,034","653,088"
SEN,Senegal,2021-03-15 09:51:25,14mar2020,Lower middle income,Sub-Saharan Africa,Closed,Senegal,2019,2019,2019,2019,15.044,-15.081,"3,769,348","252,330","2,171,967","1,149,844","195,207"
NLD,Netherlands,2021-03-15 09:51:25,15-Dec,High income,Europe and Central Asia,Closed,Netherlands,2018,2018,2018,2018,52.1704,5.0102,"4,172,063","475,053","1,175,018","1,632,486","889,506"
AUT,Austria,2021-03-15 09:51:25,15-Nov,High income,Europe and Central Asia,Closed,Austria,2018,2018,2018,2018,47.65,14.705,"1,713,829.8","257,226.5","339,021.84","687,386.13","430,195.28"
,,2021-03-15 09:51:25,15mar2020,,,Closed,"Egypt, Arab Rep.",,,,,,,,,,,
JOR,Jordan,2021-03-15 09:51:25,15mar2020,Upper middle income,Middle East and North Africa,Closed,Jordan,2019,2019,2019,2018,30.681,36.279,"2,435,615","134,733","1,147,202","832,784","320,896"
RWA,Rwanda,2021-03-15 09:51:25,15mar2020,Low income,Sub-Saharan Africa,Closed,Rwanda,2019,2019,2019,2019,-1.887,29.904,"3,599,125","282,428","2,512,465","732,104","72,128"
DEU,Germany,2021-03-15 09:51:25,16-Dec,High income,Europe and Central Asia,Closed,Germany,2018,2018,2018,2018,51.3819,9.9877,"15,422,353","2,358,517","2,987,112","6,948,797.5","3,127,927"
DOM,Dominican Republic,2021-03-15 09:51:25,16-Mar,Upper middle income,Latin America and Caribbean,Closed,Dominican Republic,2019,2019,2019,2017,19.01,-70.1685,"3,128,847","331,521","1,300,211","940,592","556,523"
PRI,Puerto Rico,2021-03-15 09:51:25,16-Mar,High income,Latin America and Caribbean,Closed,Puerto Rico,2018,2018,2018,2018,18.242,-66.643,"675,335","31,126","208,544","218,923","216,742"
BGD,Bangladesh,2021-03-15 09:51:25,16mar2020,Lower middle income,South Asia,Closed,Bangladesh,2018,2018,2019,2019,24.598,90.1963,"40,322,688","3,578,384","17,338,100","15,710,974","3,695,233"
MDV,Maldives,2021-03-15 09:51:25,16mar2020,Upper middle income,South Asia,Closed,Maldives,2019,2019,2019,2017,4.221,73.463,"104,746","19,596","49,373","21,293","14,484"
GMB,"Gambia, The",2021-03-15 09:51:25,18mar2020,Low income,Sub-Saharan Africa,Closed,"Gambia, The",2019,2019,2010,2012,13.499,-14.641,"629,857","125,781","374,678","124,397","5,001"
,,2021-03-15 09:51:25,19mar2020,,,Closed,"Congo, Dem. Rep.",,,,,,,,,,,
MLI,Mali,2021-03-15 09:51:25,19mar2020,Low income,Sub-Saharan Africa,Closed,Mali,2018,2018,2018,2015,18.211,-2.209,"3,737,838","131,114","2,477,081","1,046,493","83,150"
MUS,Mauritius,2021-03-15 09:51:25,19mar2020,High income,Sub-Saharan Africa,Closed,Mauritius,2019,2019,2019,2017,-20.2529,57.5902,"272,114","25,479","85,730","122,055","38,850"
SOM,Somalia,2021-03-15 09:51:25,19mar2020,Low income,Sub-Saharan Africa,Closed,Somalia,1986,2007,2007,1987,2.875,43.446,"561,291","1,558","457,132","86,929","15,672"
STP,Sao Tome and Principe,2021-03-15 09:51:25,19mar2020,Lower middle income,Sub-Saharan Africa,Closed,Sao Tome and Principe,2016,2017,2017,2015,0.216,6.595,"74,610","9,227","37,172","25,875","2,336"
,,2021-03-15 09:51:25,20-Mar,,,Closed,St. Vincent and the Grenadines,,,,,,,,,,,
MEX,Mexico,2021-03-15 09:51:25,20-Mar,Upper middle income,Latin America and Caribbean,Closed,Mexico,2018,2018,2018,2018,22.925,-101.68,"37,683,704","4,899,899","14,061,377","14,160,635","4,561,792"
NPL,Nepal,2021-03-15 09:51:25,20mar2020,Lower middle income,South Asia,Closed,Nepal,2019,2019,2019,2019,28.2114,83.5608,"8,830,083","958,127","3,970,016","3,463,763","438,177"
SYC,Seychelles,2021-03-15 09:51:25,20mar2020,High income,Sub-Saharan Africa,Closed,Seychelles,2019,2019,2019,2019,-4.6841,55.4924,"21,003","3,066","9,383","7,325","1,229"
,,2021-03-15 09:51:25,21-Mar,,,Closed,"Congo, Rep.",,,,,,,,,,,
LSO,Lesotho,2021-03-15 09:51:25,22mar2020,Lower middle income,Sub-Saharan Africa,Closed,Lesotho,2016,2017,2017,2018,-29.446,28.371,"579,807","53,793","367,931","136,497","21,586"
NAM,Namibia,2021-03-15 09:51:25,22mar2020,Upper middle income,Sub-Saharan Africa,Closed,Namibia,2018,2018,2007,2017,-21.276,17.219,"748,375","43,448","490,719","158,162","56,046"
SWZ,Eswatini,2021-03-15 09:51:25,22mar2020,Lower middle income,Sub-Saharan Africa,Closed,Eswatini,2011,2018,2016,2013,-26.5203,31.4607,"377,558","24,139","237,074","108,288","8,057"
MDG,Madagascar,2021-03-15 09:51:25,23mar2020,Low income,Sub-Saharan Africa,Closed,Madagascar,2019,2019,2019,2018,-19.615,46.645,"7,188,839","901,960","4,648,600","1,494,520","143,759"
MWI,Malawi,2021-03-15 09:51:25,23mar2020,Low income,Sub-Saharan Africa,Closed,Malawi,2015,2019,2019,2011,-13.2731,33.7428,"6,955,997","1,360,619","4,593,328","989,847","12,203"
UGA,Uganda,2021-03-15 09:51:25,23mar2020,Low income,Sub-Saharan Africa,Closed,Uganda,2017,2017,2007,2014,1.9392,32.7415,"10,646,478","608,973","8,840,589","1,031,520","165,396"
GBR,United Kingdom,2021-03-15 09:51:25,24-Dec,High income,Europe and Central Asia,Closed,United Kingdom,2018,2018,2018,2018,52.289,-1.259,"15,297,882","1,764,604","4,892,502","6,173,690.5","2,467,086.5"
CAF,Central African Republic,2021-03-15 09:51:25,24mar2020,Low income,Sub-Saharan Africa,Closed,Central African Republic,2017,2016,2017,2012,7.043,21.424,"976,622","12,489","813,767","137,844","12,522"
IND,India,2021-03-15 09:51:25,24mar2020,Lower middle income,South Asia,Closed,India,2019,2019,2019,2019,22.741,78.236,"330,041,248","43,896,124","120,064,160","130,932,816","35,148,120"
ZWE,Zimbabwe,2021-03-15 09:51:25,24mar2020,Lower middle income,Sub-Saharan Africa,Closed,Zimbabwe,2013,2013,2013,2015,-19.098,30.047,"4,130,348","374,125","2,663,187","957,461","135,575"
PLW,Palau,2021-03-15 09:51:25,Apirl 3,High income,East Asia and Pacific,Closed,Palau,2014,2014,2014,2013,7.5288,134.5573,"4,624",518,"1,639","1,604",863
,,2021-03-15 09:51:25,"Each State responsible so there isn't one set date but for the last two weeks of March, all schools have been closed.",,,Closed,"Micronesia, Fed. Sts.",,,,,,,,,,,
MMR,Myanmar,2021-03-15 09:51:25,Schools closed because of holidays,Lower middle income,East Asia and Pacific,Closed,Myanmar,2018,2018,2018,2018,21.841,96.05,"10,572,809","154,103","5,299,765","4,186,742","932,199"
ITA,Italy,2021-03-15 09:51:25, 3-Mar,High income,Europe and Central Asia,Closed (in select areas),Italy,2018,2018,2018,2018,44.3713,11.1084,"10,888,481","1,491,290","2,870,763","4,630,438","1,895,990"
KHM,Cambodia,2021-03-15 09:51:25, 3/14/2020,Lower middle income,East Asia and Pacific,Closed (in select areas),Cambodia,2019,2019,2008,2019,12.69,104.444,"3,582,049","265,827","2,163,143","930,200","222,879"
MAR,Morocco,2021-03-15 09:51:25,16mar2020,Lower middle income,Middle East and North Africa,Closed (in select areas),Morocco,2019,2019,2019,2019,31.129,-7.355,"9,235,031","761,726","4,432,229","2,920,791","1,120,285"
NGA,Nigeria,2021-03-15 09:51:25,18mar2020,Lower middle income,Sub-Saharan Africa,Closed (in select areas),Nigeria,2010,2016,2016,2011,9.3417,7.678,"39,440,016","2,020,668","25,591,180","10,314,796","1,513,371"
RUS,Russian Federation,2021-03-15 09:51:25,23-Mar,Upper middle income,Europe and Central Asia,Closed (in select areas),Russian Federation,2018,2018,2018,2018,64.736,104.062,"29,331,972","6,386,677","6,927,980","10,242,404","5,774,913"
,,2021-03-15 09:51:25,30apr2020,,,Closed (in select areas),Syria,,,,,,,,,,,
NIC,Nicaragua,2021-03-15 09:51:25,,Lower middle income,Latin America and Caribbean,Seasonal school closures,Nicaragua,2010,2010,2010,2002,12.692,-85.03,"1,707,371","218,062","923,745","465,201","100,363"
PAN,Panama,2021-03-15 09:51:25,11-Mar,High income,Latin America and Caribbean,Seasonal school closures,Panama,2017,2017,2017,2016,8.348,-81.005,"998,348","95,481","418,852","322,913","161,102"
PRY,Paraguay,2021-03-15 09:51:25,11-Mar,Upper middle income,Latin America and Caribbean,Seasonal school closures,Paraguay,2016,2016,2016,2010,-23.266,-58.409,"1,744,889","181,007","727,363","611,308","225,211"
CRI,Costa Rica,2021-03-15 09:51:25,12-Mar,Upper middle income,Latin America and Caribbean,Seasonal school closures,Costa Rica,2019,2019,2019,2019,10.126,-84.075,"1,360,099","136,907","497,065","504,316","221,811"
ARG,Argentina,2021-03-15 09:51:25,13-Mar,Upper middle income,Latin America and Caribbean,Seasonal school closures,Argentina,2017,2017,2017,2017,-33.166,-64.31,"14,202,149","1,694,680","4,753,843","4,612,663","3,140,963"
BOL,Bolivia,2021-03-15 09:51:25,13-Mar,Lower middle income,Latin America and Caribbean,Seasonal school closures,Bolivia,2018,2018,2018,,-16.71,-65.183,"2,966,735","353,898","1,379,099","1,233,738",
BRA,Brazil,2021-03-15 09:51:25,16-Mar,Upper middle income,Latin America and Caribbean,Seasonal school closures,Brazil,2018,2018,2018,2018,-11.694,-48.978,"52,715,708","5,157,892","15,951,913","22,863,908","8,741,996"
CHL,Chile,2021-03-15 09:51:25,16-Mar,High income,Latin America and Caribbean,Seasonal school closures,Chile,2018,2018,2018,2018,-23.176,-69.201,"4,936,677","619,608","1,540,085","1,522,145","1,254,839"
PER,Peru,2021-03-15 09:51:25,16-Mar,Upper middle income,Latin America and Caribbean,Seasonal school closures,Peru,2019,2019,2019,2017,-12.664,-72.98,"10,117,145","1,680,320","3,715,130","2,825,788","1,895,907"
URY,Uruguay,2021-03-15 09:51:25,16-Mar,High income,Latin America and Caribbean,Seasonal school closures,Uruguay,2018,2018,2018,2017,-32.948,-56.249,"951,190","136,085","296,791","355,851","162,463"
BIH,Bosnia and Herzegovina,2021-03-15 09:51:25,,Upper middle income,Europe and Central Asia,Open with limitations,Bosnia and Herzegovina,2019,2019,2019,2019,44.342,17.804,"509,357","22,848","157,304","240,189","89,016"
BLR,Belarus,2021-03-15 09:51:25,,Upper middle income,Europe and Central Asia,Open with limitations,Belarus,2018,2018,2018,2018,53.3292,27.9492,"1,815,809","349,373","427,752","649,357","389,327"
BRN,Brunei Darussalam,2021-03-15 09:51:25,,High income,East Asia and Pacific,Open with limitations,Brunei Darussalam,2019,2019,2019,2019,4.452,114.557,"106,387","13,408","39,236","42,679","11,064"
JPN,Japan,2021-03-15 09:51:25,,High income,East Asia and Pacific,Open with limitations,Japan,2018,2018,2018,2018,35.962,137.855,"20,185,824","2,823,857","6,504,523","6,995,597","3,861,847"
LBR,Liberia,2021-03-15 09:51:25,,Low income,Sub-Saharan Africa,Open with limitations,Liberia,2017,2017,2015,2012,6.51,-9.33,"1,415,811","509,618","635,478","226,832","43,883"
MDA,Moldova,2021-03-15 09:51:25,,Lower middle income,Europe and Central Asia,Open with limitations,Moldova,2019,2019,2019,2019,47.524,28.444,"578,389","133,194","139,612","224,148","81,435"
SWE,Sweden,2021-03-15 09:51:25,,High income,Europe and Central Asia,Open with limitations,Sweden,2018,2018,2018,2018,66.2188,19,"2,722,083","462,982","893,495","934,541","431,065"
SMR,San Marino,2021-03-15 09:51:25, 1-Mar,High income,Europe and Central Asia,Open with limitations,San Marino,2019,2019,2019,2019,43.942,12.4611,"5,063",883,"1,653","1,674",853
CHN,China,2021-03-15 09:51:25, 1/25/2020,Upper middle income,East Asia and Pacific,Open with limitations,China,2019,2019,2019,2019,35.1753,99.3877,"283,984,768","46,564,204","104,325,248","86,101,696","46,993,616"
VNM,Vietnam,2021-03-15 09:51:25, 1/27/2020,Lower middle income,East Asia and Pacific,Open with limitations,Vietnam,2019,2019,1998,2019,21.75,105.373,"21,706,812","4,415,233","8,506,562","6,818,774","1,966,245"
HKG,"Hong Kong SAR, China",2021-03-15 09:51:25, 2/10/2020,High income,East Asia and Pacific,Open with limitations,"Hong Kong SAR, China",2019,2019,2019,2019,22.4114,114.0599,"1,191,877","176,245","376,310","341,388","297,934"
,,2021-03-15 09:51:25, 2/18/2020,,,Open with limitations,"Korea, Rep.",,,,,,,,,,,
GEO,Georgia,2021-03-15 09:51:25, 3-Mar,Upper middle income,Europe and Central Asia,Open with limitations,Georgia,2008,2019,2019,2019,42.05,43.576,"829,339","78,642","316,542","282,929","151,226"
AUS,Australia,2021-03-15 09:51:25,  3/7/2020,High income,East Asia and Pacific,Open with limitations,Australia,2018,2018,2018,2018,-24.578,133.582,"6,838,914","533,835","2,247,875","2,379,962","1,677,242"
LAO,Lao PDR,2021-03-15 09:51:25, 3/18/2020,Lower middle income,East Asia and Pacific,Open with limitations,Lao PDR,2019,2019,2019,2019,19.595,102.538,"1,763,332","225,176","770,659","666,155","101,342"
NZL,New Zealand,2021-03-15 09:51:25, 3/24/2020,High income,East Asia and Pacific,Open with limitations,New Zealand,2018,2018,2018,2018,-42.558,172.377,"1,260,680.5","114,706.6","388,279","489,898.72","267,796.19"
PNG,Papua New Guinea,2021-03-15 09:51:25, 3/24/2020,Lower middle income,East Asia and Pacific,Open with limitations,Papua New Guinea,2016,2016,2016,1999,-5.636,142.798,"2,150,504","358,198","1,275,085","507,278","9,943"
SGP,Singapore,2021-03-15 09:51:25,  4/4/2020,High income,East Asia and Pacific,Open with limitations,Singapore,1989,2018,2018,2018,1.3389,103.8297,"616,167","17,858","233,553","166,709","198,047"
PRT,Portugal,2021-03-15 09:51:25, 8-Mar,High income,Europe and Central Asia,Open with limitations,Portugal,2018,2018,2018,2018,40.957,-7.9373,"1,985,375","240,231","621,660","767,094","356,390"
ALB,Albania,2021-03-15 09:51:25, 9-Mar,Upper middle income,Europe and Central Asia,Open with limitations,Albania,2019,2019,2019,2019,40.654,20.076,"641,161","78,942","167,104","256,072","139,043"
ISL,Iceland,2021-03-15 09:51:25, 9-Mar,High income,Europe and Central Asia,Open with limitations,Iceland,2018,2018,2018,2018,64.826,-18.417,"98,475","13,048","32,421","35,171","17,835"
,,2021-03-15 09:51:25,01mar2020,,,Open with limitations,*,,,,,,,,,,,
KWT,Kuwait,2021-03-15 09:51:25,01mar2020,High income,Middle East and North Africa,Open with limitations,Kuwait,2019,2019,2015,2019,29.3169,47.4272,"772,299","75,989","276,318","302,047","117,945"
LBN,Lebanon,2021-03-15 09:51:25,02mar2020,Upper middle income,Middle East and North Africa,Open with limitations,Lebanon,2019,2019,2019,2019,34.161,36.021,"1,380,972","215,647","516,514","406,169","242,642"
HUN,Hungary,2021-03-15 09:51:25,10-Mar,High income,Europe and Central Asia,Open with limitations,Hungary,2018,2018,2018,2018,47.174,19.618,"1,776,867","311,111","373,837","808,569","283,350"
MKD,North Macedonia,2021-03-15 09:51:25,10-Mar,Upper middle income,Europe and Central Asia,Open with limitations,North Macedonia,2018,2018,2018,2018,41.636,21.676,"354,730","28,987","109,818","155,815","60,110"
AZE,Azerbaijan,2021-03-15 09:51:25,11-Mar,Upper middle income,Europe and Central Asia,Open with limitations,Azerbaijan,2019,2019,2019,2019,40.46,47.883,"2,038,133","207,008","645,392","967,454","218,279"
CYP,Cyprus,2021-03-15 09:51:25,11-Mar,High income,Europe and Central Asia,Open with limitations,Cyprus,2018,2018,2018,2018,34.894,32.928,"183,716","24,502","57,079","54,966","47,169"
CZE,Czech Republic,2021-03-15 09:51:25,11-Mar,High income,Europe and Central Asia,Open with limitations,Czech Republic,2018,2018,2018,2018,49.848,15.2812,"2,066,063","366,391","583,522","787,114","329,036"
POL,Poland,2021-03-15 09:51:25,11-Mar,High income,Europe and Central Asia,Open with limitations,Poland,2018,2018,2018,2018,52.442,19.72,"7,523,918","1,361,183","2,277,483","2,392,353","1,492,899"
ROU,Romania,2021-03-15 09:51:25,11-Mar,High income,Europe and Central Asia,Open with limitations,Romania,2018,2018,2018,2018,45.933,25.119,"3,465,911","521,161","947,931","1,457,948","538,871"
,,2021-03-15 09:51:25,12-Mar,,,Open with limitations,Kosovo,,,,,,,,,,,
BEL,Belgium,2021-03-15 09:51:25,12-Mar,High income,Europe and Central Asia,Open with limitations,Belgium,2018,2018,2018,2018,50.6745,4.4588,"2,966,152","450,052","821,236","1,179,334","515,530"
LTU,Lithuania,2021-03-15 09:51:25,12-Mar,High income,Europe and Central Asia,Open with limitations,Lithuania,2018,2018,2018,2018,55.342,24.23,"571,325","103,419","116,626","232,993","118,287"
LVA,Latvia,2021-03-15 09:51:25,12-Mar,High income,Europe and Central Asia,Open with limitations,Latvia,2018,2018,2018,2018,57.017,25.0173,"397,993","77,391","121,674","117,326","81,602"
NOR,Norway,2021-03-15 09:51:25,12-Mar,High income,Europe and Central Asia,Open with limitations,Norway,2018,2018,2018,2018,61.3701,9.3031,"1,365,324","179,900","447,355","449,330","288,739"
TUR,Turkey,2021-03-15 09:51:25,12-Mar,Upper middle income,Europe and Central Asia,Open with limitations,Turkey,2018,2018,2018,2018,39.144,34.188,"25,445,620","1,501,088","5,104,599","11,279,561","7,560,371"
DZA,Algeria,2021-03-15 09:51:25,12mar2020,Lower middle income,Middle East and North Africa,Open with limitations,Algeria,2011,2019,2011,2018,28.6045,2.64,"11,179,795","490,035","4,516,571","4,572,513","1,600,676"
ARM,Armenia,2021-03-15 09:51:25,13-Mar,Upper middle income,Europe and Central Asia,Open with limitations,Armenia,2019,2019,2019,2019,40.56,44.449,"546,215","50,747","154,409","248,972","92,087"
ECU,Ecuador,2021-03-15 09:51:25,13-Mar,Upper middle income,Latin America and Caribbean,Open with limitations,Ecuador,2018,2018,2018,2015,-1.151,-78.308,"5,131,897","638,551","1,932,261","1,891,648","669,437"
ESP,Spain,2021-03-15 09:51:25,13-Mar,High income,Europe and Central Asia,Open with limitations,Spain,2018,2018,2018,2018,40.617,-3.388,"9,762,295","1,296,004","3,043,396","3,371,069","2,051,826"
EST,Estonia,2021-03-15 09:51:25,13-Mar,High income,Europe and Central Asia,Open with limitations,Estonia,2018,2018,2018,2018,58.777,25.977,"273,100.66","55,203","88,107","84,017.25","45,773.414"
HND,Honduras,2021-03-15 09:51:25,13-Mar,Lower middle income,Latin America and Caribbean,Open with limitations,Honduras,2019,2019,2019,2018,14.881,-87.123,"2,294,730","235,631","1,103,956","688,235","266,908"
JAM,Jamaica,2021-03-15 09:51:25,13-Mar,Upper middle income,Latin America and Caribbean,Open with limitations,Jamaica,2019,2019,2019,2015,18.163,-77.477,"619,082","108,736","232,694","203,115","74,537"
MNE,Montenegro,2021-03-15 09:51:25,13-Mar,Upper middle income,Europe and Central Asia,Open with limitations,Montenegro,2019,2019,2019,2019,42.857,19.096,"134,874","16,184","39,085","56,896","22,709"
USA,United States,2021-03-15 09:51:25,13-Mar,High income,North America,Open with limitations,United States,2018,2018,2018,2018,40.0792,-98.8164,"77,440,048","8,668,764","24,957,956","24,871,356","18,941,968"
LBY,Libya,2021-03-15 09:51:25,13mar2020,Upper middle income,Middle East and North Africa,Open with limitations,Libya,2006,2006,2006,2003,27.24,17.571,"1,885,226","22,246","755,338","732,614","375,028"
PAK,Pakistan,2021-03-15 09:51:25,13mar2020,Lower middle income,South Asia,Open with limitations,Pakistan,2019,2019,2019,2018,28.1854,66.6429,"47,831,316","8,537,946","23,557,724","13,857,545","1,878,101"
TTO,Trinidad and Tobago,2021-03-15 09:51:25,14-Mar,High income,Latin America and Caribbean,Open with limitations,Trinidad and Tobago,2019,2010,2004,2004,10.4435,-61.2604,"285,718","32,236","131,350","105,381","16,751"
AFG,Afghanistan,2021-03-15 09:51:25,15mar2020,Low income,South Asia,Open with limitations,Afghanistan,2003,2018,2018,2018,34.023,65.5267,"10,003,625","24,220","6,544,906","3,063,889","370,610"
OMN,Oman,2021-03-15 09:51:25,15mar2020,High income,Middle East and North Africa,Open with limitations,Oman,2019,2019,2019,2019,19.85,56.25,"933,763","87,956","290,045","436,578","119,184"
ATG,Antigua and Barbuda,2021-03-15 09:51:25,16-Mar,High income,Latin America and Caribbean,Open with limitations,Antigua and Barbuda,2018,2018,2018,2012,17.625,-61.786,"21,821","2,050","10,123","7,856","1,792"
BHS,"Bahamas, The",2021-03-15 09:51:25,16-Mar,High income,Latin America and Caribbean,Open with limitations,"Bahamas, The",2018,2018,2018,1995,24.7032,-78.0455,"63,942","3,594","29,504","26,884","3,960"
BLZ,Belize,2021-03-15 09:51:25,16-Mar,Upper middle income,Latin America and Caribbean,Open with limitations,Belize,2019,2019,2019,2019,17.108,-88.744,"108,344","7,485","50,388","40,641","9,830"
COL,Colombia,2021-03-15 09:51:25,16-Mar,Upper middle income,Latin America and Caribbean,Open with limitations,Colombia,2018,2018,2018,2018,3.794,-73.606,"13,272,861","1,739,958","4,303,833","4,821,029","2,408,041"
CYM,Cayman Islands,2021-03-15 09:51:25,16-Mar,High income,Latin America and Caribbean,Open with limitations,Cayman Islands,2018,2018,2018,2008,19.3299,-81.1715,"10,094","1,407","4,299","3,476",912
FIN,Finland,2021-03-15 09:51:25,16-Mar,High income,Europe and Central Asia,Open with limitations,Finland,2018,2018,2018,2018,62.716,26.192,"1,418,217","208,380","368,852","546,469","294,516"
GRD,Grenada,2021-03-15 09:51:25,16-Mar,Upper middle income,Latin America and Caribbean,Open with limitations,Grenada,2018,2018,2018,2018,12.111,-61.6867,"35,288","3,698","13,195","9,135","9,260"
GTM,Guatemala,2021-03-15 09:51:25,16-Mar,Upper middle income,Latin America and Caribbean,Open with limitations,Guatemala,2019,2019,2019,2015,15.124,-90.711,"4,517,482","589,943","2,365,800","1,195,065","366,674"
GUY,Guyana,2021-03-15 09:51:25,16-Mar,Upper middle income,Latin America and Caribbean,Open with limitations,Guyana,2012,2012,2012,2012,5.17,-58.939,"217,151","27,872","94,488","85,934","8,857"
HRV,Croatia,2021-03-15 09:51:25,16-Mar,High income,Europe and Central Asia,Open with limitations,Croatia,2018,2018,2018,2018,45.754,16.385,"773,552","114,526","161,740","332,460","164,826"
KAZ,Kazakhstan,2021-03-15 09:51:25,16-Mar,Upper middle income,Europe and Central Asia,Open with limitations,Kazakhstan,2019,2019,2019,2019,48.866,69.772,"5,060,284","985,721","1,461,448","1,928,070","685,045"
KGZ,Kyrgyz Republic,2021-03-15 09:51:25,16-Mar,Lower middle income,Europe and Central Asia,Open with limitations,Kyrgyz Republic,2019,2019,2019,2019,41.741,75.043,"1,718,658","251,012","551,210","697,776","218,660"
LUX,Luxembourg,2021-03-15 09:51:25,16-Mar,High income,Europe and Central Asia,Open with limitations,Luxembourg,2018,2018,2018,2018,49.671,6.113,"111,549","17,584","38,173","48,749","7,043"
SRB,Serbia,2021-03-15 09:51:25,16-Mar,Upper middle income,Europe and Central Asia,Open with limitations,Serbia,2019,2019,2019,2019,44.021,20.699,"1,210,645","167,922","264,194","528,758","249,771"
SVK,Slovak Republic,2021-03-15 09:51:25,16-Mar,High income,Europe and Central Asia,Open with limitations,Slovak Republic,2018,2018,2018,2018,48.8595,19.4434,"982,167","166,312","229,456","441,952","144,447"
SVN,Slovenia,2021-03-15 09:51:25,16-Mar,High income,Europe and Central Asia,Open with limitations,Slovenia,2018,2018,2018,2018,46.037,14.534,"413,324","60,664","129,123","147,003","76,534"
VEN,"Venezuela, RB",2021-03-15 09:51:25,16-Mar,Upper middle income,Latin America and Caribbean,Open with limitations,"Venezuela, RB",2017,2017,2017,2009,6.983,-64.588,"8,989,863","1,190,349","3,285,299","2,391,174","2,123,041"
BFA,Burkina Faso,2021-03-15 09:51:25,16mar2020,Low income,Sub-Saharan Africa,Open with limitations,Burkina Faso,2019,2019,2019,2019,12.673,-1.226,"4,813,981","105,485","3,233,784","1,342,143","132,569"
CIV,Cote d'Ivoire,2021-03-15 09:51:25,16mar2020,Lower middle income,Sub-Saharan Africa,Open with limitations,Cote d'Ivoire,2019,2019,2019,2017,7.497,-5.336,"6,637,088","188,147","4,003,884","2,227,143","217,914"
ETH,Ethiopia,2021-03-15 09:51:25,16mar2020,Low income,Sub-Saharan Africa,Open with limitations,Ethiopia,2015,2015,2015,2014,8.435,38.786,"24,497,028","2,513,127","16,198,047","5,028,678","757,175"
GHA,Ghana,2021-03-15 09:51:25,16mar2020,Lower middle income,Sub-Saharan Africa,Open with limitations,Ghana,2019,2019,2019,2019,7.258,-1.062,"9,749,211","1,852,028","4,549,875","2,851,160","496,148"
CHE,Switzerland,2021-03-15 09:51:25,17-Mar,High income,Europe and Central Asia,Open with limitations,Switzerland,2018,2018,2018,2018,46.7794,8.0329,"1,604,196","173,911","514,664","608,878","306,743"
FRA,France,2021-03-15 09:51:25,17-Mar,High income,Europe and Central Asia,Open with limitations,France,2018,2018,2018,2018,46.656,2.543,"15,574,024","2,543,279","4,302,412","6,109,604","2,618,729"
SXM,Sint Maarten (Dutch part),2021-03-15 09:51:25,18-Mar,High income,Latin America and Caribbean,Open with limitations,Sint Maarten (Dutch part),2014,2014,2014,2015,18.034,-63.0544,"7,732","1,148","3,677","2,713",194
CMR,Cameroon,2021-03-15 09:51:25,18mar2020,Lower middle income,Sub-Saharan Africa,Open with limitations,Cameroon,2019,2019,2016,2018,4.4,12.131,"7,480,108","542,540","4,399,897","2,206,878","330,793"
TZA,Tanzania,2021-03-15 09:51:25,18mar2020,Lower middle income,Sub-Saharan Africa,Open with limitations,Tanzania,2019,2019,2019,2019,-5.651,34.146,"14,527,091","1,429,169","10,605,430","2,338,457","154,035"
ZAF,South Africa,2021-03-15 09:51:25,18mar2020,Upper middle income,Sub-Saharan Africa,Open with limitations,South Africa,2018,2018,2018,2018,-31.7,23.441,"14,449,200","824,169","7,568,387","4,878,960","1,177,684"
NER,Niger,2021-03-15 09:51:25,20mar2020,Low income,Sub-Saharan Africa,Open with limitations,Niger,2019,2019,2017,2019,16.996,9.915,"3,711,567","177,822","2,666,748","786,582","80,415"
TCD,Chad,2021-03-15 09:51:25,20mar2020,Low income,Sub-Saharan Africa,Open with limitations,Chad,2019,2019,2019,2015,15.981,18.781,"3,065,419","17,426","2,468,784","537,388","41,821"
TGO,Togo,2021-03-15 09:51:25,20mar2020,Low income,Sub-Saharan Africa,Open with limitations,Togo,2019,2019,2017,2019,7.7,1.106,"2,585,937","172,225","1,584,376","727,949","101,387"
ZMB,Zambia,2021-03-15 09:51:25,20mar2020,Lower middle income,Sub-Saharan Africa,Open with limitations,Zambia,2016,2017,1994,2012,-15.13,25.268,"3,710,456","160,295","3,284,841","208,640","56,680"
SSD,South Sudan,2021-03-15 09:51:25,21mar2020,Low income,Sub-Saharan Africa,Open with limitations,South Sudan,2015,2015,2015,,7.1,30.48,"1,548,811","110,824","1,273,852","164,135",
BWA,Botswana,2021-03-15 09:51:25,23mar2020,Upper middle income,Sub-Saharan Africa,Open with limitations,Botswana,2015,2015,2008,2019,-22.126,23.662,"597,109","33,425","344,618","168,220","50,846"
MOZ,Mozambique,2021-03-15 09:51:25,23mar2020,Low income,Sub-Saharan Africa,Open with limitations,Mozambique,1986,2019,2017,2018,-13.852,38.042,"8,416,108","45,100","6,940,864","1,216,214","213,930"
TJK,Tajikistan,2021-03-15 09:51:25,24-Mar,Low income,Europe and Central Asia,Open with limitations,Tajikistan,2017,2017,2013,2017,38.367,72.597,"2,190,522","91,081","771,040","1,062,975","265,426"
AGO,Angola,2021-03-15 09:51:25,24mar2020,Lower middle income,Sub-Saharan Africa,Open with limitations,Angola,2016,2015,2016,2016,-12.836,17.808,"8,692,733","784,381","5,620,915","2,034,150","253,287"
CAN,Canada,2021-03-15 09:51:25,26-Dec,High income,North America,Open with limitations,Canada,1996,2018,2018,2018,59.2067,-111.1937,"7,193,487","509,589","2,407,006","2,654,199","1,622,693"
GIN,Guinea,2021-03-15 09:51:25,26mar2020,Low income,Sub-Saharan Africa,Open with limitations,Guinea,2011,2016,2014,2014,10.599,-10.907,"2,761,717","151,512","1,776,560","715,702","117,943"
BRB,Barbados,2021-03-15 09:51:25,27-Mar,High income,Latin America and Caribbean,Open with limitations,Barbados,2019,2019,2019,2011,13.1898,-59.559,"56,581","5,144","19,895","19,121","12,421"
IRQ,Iraq,2021-03-15 09:51:25,27feb2020,Upper middle income,Middle East and North Africa,Open with limitations,Iraq,2007,2007,2007,2005,33.545,43.278,"7,435,696","108,929","4,864,350","2,037,509","424,908"
BEN,Benin,2021-03-15 09:51:25,30mar2020,Lower middle income,Sub-Saharan Africa,Open with limitations,Benin,2019,2019,2016,2018,10.478,2.274,"3,475,335","169,011","2,180,896","992,999","132,429"
BEN,Benin,2021-03-15 09:51:25,31mar2020,Lower middle income,Sub-Saharan Africa,Open with limitations,Benin,2019,2019,2016,2018,10.478,2.274,"3,475,335","169,011","2,180,896","992,999","132,429"
SLE,Sierra Leone,2021-03-15 09:51:25,31mar2020,Low income,Sub-Saharan Africa,Open with limitations,Sierra Leone,2019,2019,2017,2002,8.677,-11.779,"2,398,717","127,168","1,770,368","492,140","9,041"
CPV,Cabo Verde,2021-03-15 09:51:25,,Lower middle income,Sub-Saharan Africa,Open,Cabo Verde,2018,2018,2018,2018,15.416,-23.36,"152,574","23,433","64,127","53,355","11,659"
GNQ,Equatorial Guinea,2021-03-15 09:51:25,,Upper middle income,Sub-Saharan Africa,Open,Equatorial Guinea,2015,2015,2005,2000,1.6342,10.4695,"159,539","39,596","93,396","25,544","1,003"
MHL,Marshall Islands,2021-03-15 09:51:25,,Upper middle income,East Asia and Pacific,Open,Marshall Islands,2019,2019,2019,2019,5.961,169.651,"15,790","1,262","7,234","5,764","1,530"
TKM,Turkmenistan,2021-03-15 09:51:25,,Upper middle income,Europe and Central Asia,Open,Turkmenistan,,2019,2019,2019,39.584,59.597,"1,329,621",,"557,184","706,547","65,890"
FJI,Fiji,2021-03-15 09:51:25, 3/19/2020,Upper middle income,East Asia and Pacific,Open,Fiji,2009,2019,2012,2005,-17.7941,177.9783,"240,786","9,149","121,666","97,254","12,717"
TUV,Tuvalu,2021-03-15 09:51:25, 3/23/2020,Upper middle income,East Asia and Pacific,Open,Tuvalu,2019,2019,2019,,-7.4786,178.6758,"3,046",676,"1,688",682,
TON,Tonga,2021-03-15 09:51:25, 3/27/2020,Upper middle income,East Asia and Pacific,Open,Tonga,2015,2015,2015,2003,-21.167,-175.19,"35,704","2,254","16,982","15,800",668
ARE,United Arab Emirates,2021-03-15 09:51:25,08mar2020,High income,Middle East and North Africa,Open,United Arab Emirates,2017,2017,2017,2017,23.9299,53.9031,"1,362,359","155,999","486,086","528,480","191,794"
QAT,Qatar,2021-03-15 09:51:25,10mar2020,High income,Middle East and North Africa,Open,Qatar,2019,2019,2019,2019,25.3174,51.1522,"360,504","49,085","159,109","117,369","34,941"
TUN,Tunisia,2021-03-15 09:51:25,12mar2020,Lower middle income,Middle East and North Africa,Open,Tunisia,2016,2018,2016,2019,35.594,9.421,"2,766,738","250,813","1,201,736","1,047,035","267,154"
,,2021-03-15 09:51:25,14-Mar,,,Open,Montserrat,,,,,,,,,,,
SUR,Suriname,2021-03-15 09:51:25,14-Mar,Upper middle income,Latin America and Caribbean,Open,Suriname,2019,2019,2018,2002,4.248,-55.848,"151,665","19,924","68,147","58,408","5,186"
,,2021-03-15 09:51:25,16-Mar,,,Open,*,,,,,,,,,,,
UZB,Uzbekistan,2021-03-15 09:51:25,16-Mar,Lower middle income,Europe and Central Asia,Open,Uzbekistan,2019,2019,2019,2019,41.757,63.958,"7,815,311","874,385","2,505,930","4,073,028","361,968"
KEN,Kenya,2021-03-15 09:51:25,16mar2020,Lower middle income,Sub-Saharan Africa,Open,Kenya,2016,2016,2009,2017,0.806,38.166,"15,257,191","3,199,841","8,290,450","3,204,379","562,521"
CUW,Curacao,2021-03-15 09:51:25,17-Mar,High income,Latin America and Caribbean,Open,Curacao,,2013,2013,2013,12.2129,-69.0407,"34,227",,"20,812","11,219","2,196"
MLT,Malta,2021-03-15 09:51:25,17mar2020,High income,Middle East and North Africa,Open,Malta,2018,2018,2018,2018,35.9024,14.4137,"82,103","9,426","26,532","30,925","15,220"
HTI,Haiti,2021-03-15 09:51:25,20-Mar,Low income,Latin America and Caribbean,Open,Haiti,1985,1998,1986,1986,19.3175,-72.4205,"1,656,768","21,000","1,485,722","143,758","6,288"
BMU,Bermuda,2021-03-15 09:51:25,23-Mar,High income,North America,Open,Bermuda,2015,2015,2015,2018,32.3019,-64.7737,"9,339",440,"4,147","4,040",712
DMA,Dominica,2021-03-15 09:51:25,23-Mar,Upper middle income,Latin America and Caribbean,Open,Dominica,2019,2019,2019,1993,15.4238,-61.3411,"12,955","1,464","6,144","4,863",484
TCA,Turks and Caicos Islands,2021-03-15 09:51:25,23-Mar,High income,Latin America and Caribbean,Open,Turks and Caicos Islands,2018,2018,2018,2015,21.7779,-71.7592,"7,359","1,077","3,680","2,316",286
BHR,Bahrain,2021-03-15 09:51:25,25feb2020,High income,Middle East and North Africa,Open,Bahrain,2019,2019,2019,2019,26.025,50.5534,"299,370","34,355","115,819","102,003","47,193"
DJI,Djibouti,2021-03-15 09:51:25,25mar2020,Lower middle income,Middle East and North Africa,Open,Djibouti,2020,2020,2020,2011,11.41,42.165,"146,596","4,264","69,134","68,493","4,705"
,,2021-03-15 09:51:25,26-Mar,,,Open,St. Kitts and Nevis,,,,,,,,,,,
BDI,Burundi,2021-03-15 09:51:25,"schools are running as usual except ""Ecole Francaise"" and ""Ecole Belge"". ",Low income,Sub-Saharan Africa,Open,Burundi,2019,2019,2019,2018,-3.333,29.749,"3,024,833","120,163","2,212,532","650,269","41,869"
COM,Comoros,2021-03-15 09:51:25,,Lower middle income,Sub-Saharan Africa,"Null, No information available, Not known",Comoros,2018,2018,2018,2014,-11.6527,43.3307,"219,609","15,175","124,240","73,695","6,499"
KIR,Kiribati,2021-03-15 09:51:25,,Lower middle income,East Asia and Pacific,"Null, No information available, Not known",Kiribati,2003,2017,2008,,2.048,-158.59,"33,152","4,874","16,695","11,583",
MAC,"Macao SAR, China",2021-03-15 09:51:25,,High income,East Asia and Pacific,"Null, No information available, Not known","Macao SAR, China",2019,2019,2019,2019,22.1404,113.5643,"111,457","18,626","32,530","26,022","34,279"
NRU,Nauru,2021-03-15 09:51:25,,High income,East Asia and Pacific,"Null, No information available, Not known",Nauru,2019,2019,2019,,-0.5287,166.9315,"3,340",281,"1,856","1,203",
SLB,Solomon Islands,2021-03-15 09:51:25,,Lower middle income,East Asia and Pacific,"Null, No information available, Not known",Solomon Islands,2018,2018,2012,,-9.5987,160.1487,"195,749","48,661","105,428","41,660",
VUT,Vanuatu,2021-03-15 09:51:25,,Lower middle income,East Asia and Pacific,"Null, No information available, Not known",Vanuatu,2015,2015,2015,2004,-15.339,166.89,"81,755","14,301","45,931","20,568",955
WSM,Samoa,2021-03-15 09:51:25,,Upper middle income,East Asia and Pacific,"Null, No information available, Not known",Samoa,2019,2019,2016,2018,-13.6221,-172.439,"66,538","4,203","33,841","25,964","2,530"
